term_ID,description,frequency,plot_X,plot_Y,plot_size,log10 p-value,uniqueness,dispensability,representative,eliminated
GO:0022612,"gland morphogenesis",0.698%,-1.649, 0.064,2.170,-2.7530,0.918,0.000,22612,0
GO:0033674,"positive regulation of kinase activity",2.142%,-1.486,-4.821,2.655,-5.5903,0.586,0.000,33674,0
GO:0001934,"positive regulation of protein phosphorylation",4.022%,null,null,2.928,-3.6522,0.595,0.859,33674,1
GO:0032147,"activation of protein kinase activity",1.116%,null,null,2.373,-2.7660,0.601,0.865,33674,1
GO:0051347,"positive regulation of transferase activity",2.479%,null,null,2.719,-2.4410,0.812,0.883,33674,1
GO:0042327,"positive regulation of phosphorylation",4.221%,null,null,2.949,-2.3515,0.606,0.908,33674,1
GO:0043549,"regulation of kinase activity",3.428%,null,null,2.859,-2.9935,0.629,0.865,33674,1
GO:0038180,"nerve growth factor signaling pathway",0.043%, 5.316, 4.118,1.000,-3.9127,0.775,0.054,38180,0
GO:1990090,"cellular response to nerve growth factor stimulus",0.195%,null,null,1.623,-3.0859,0.832,0.883,38180,1
GO:0043066,"negative regulation of apoptotic process",4.032%, 5.415,-2.815,2.929,-3.6459,0.722,0.089,43066,0
GO:0043069,"negative regulation of programmed cell death",4.089%,null,null,2.936,-3.6878,0.722,0.930,43066,1
GO:0042981,"regulation of apoptotic process",6.482%,null,null,3.135,-4.0883,0.756,0.856,43066,1
GO:0030334,"regulation of cell migration",3.205%,-2.343, 5.797,2.830,-3.2637,0.707,0.118,30334,0
GO:2000147,"positive regulation of cell motility",1.937%,null,null,2.612,-2.6619,0.660,0.970,30334,1
GO:0030335,"positive regulation of cell migration",1.866%,null,null,2.595,-2.8931,0.661,0.881,30334,1
GO:0010646,"regulation of cell communication",13.158%, 6.992, 0.297,3.443,-2.6702,0.797,0.159,10646,0
GO:0086091,"regulation of heart rate by cardiac conduction",0.147%, 0.265, 3.848,1.505,-2.5692,0.818,0.159,86091,0
GO:0008105,"asymmetric protein localization",0.071%,-3.966, 4.720,1.204,-2.5730,0.916,0.180,8105,0
GO:0051496,"positive regulation of stress fiber assembly",0.209%,-6.022,-1.604,1.653,-2.5069,0.759,0.230,51496,0
GO:0032233,"positive regulation of actin filament bundle assembly",0.252%,null,null,1.732,-2.3124,0.756,0.897,51496,1
GO:0071850,"mitotic cell cycle arrest",0.071%, 4.440,-2.784,1.204,-2.1919,0.837,0.242,71850,0
GO:0040014,"regulation of multicellular organism growth",0.399%,-0.968, 2.067,1.929,-2.0528,0.874,0.305,40014,0
GO:1904645,"response to beta-amyloid",0.024%, 3.577, 6.380,0.778,-2.9449,0.887,0.307,1904645,0
GO:0006198,"cAMP catabolic process",0.066%,-0.161,-6.690,1.176,-2.6581,0.762,0.308,6198,0
GO:0009214,"cyclic nucleotide catabolic process",0.081%,null,null,1.255,-2.4958,0.759,0.832,6198,1
GO:0008284,"positive regulation of cell proliferation",4.055%,-6.180, 0.285,2.932,-2.4087,0.757,0.327,8284,0
GO:0042127,"regulation of cell proliferation",7.227%,null,null,3.183,-2.5580,0.831,0.759,8284,1
GO:0007167,"enzyme linked receptor protein signaling pathway",4.017%, 6.310, 1.742,2.928,-2.6786,0.764,0.349,7167,0
GO:0035113,"embryonic appendage morphogenesis",0.679%,-2.503, 0.482,2.158,-2.2443,0.908,0.383,35113,0
GO:0048009,"insulin-like growth factor receptor signaling pathway",0.161%, 7.095, 2.162,1.544,-2.4253,0.815,0.397,48009,0
GO:0009968,"negative regulation of signal transduction",4.967%, 5.717,-0.081,3.020,-2.3118,0.679,0.408,9968,0
GO:1903358,"regulation of Golgi organization",0.052%,-6.350,-2.955,1.079,-2.1919,0.861,0.421,1903358,0
GO:0000921,"septin ring assembly",0.125%,-5.970,-2.691,1.431,-2.1428,0.876,0.425,921,0
GO:0031106,"septin ring organization",0.005%,null,null,0.301,-2.0528,0.899,1.197,921,1
GO:0051282,"regulation of sequestering of calcium ion",0.475%,-3.166, 5.798,2.004,-2.4958,0.740,0.436,51282,0
GO:0072503,"cellular divalent inorganic cation homeostasis",1.885%,null,null,2.600,-2.1530,0.796,0.824,51282,1
GO:0051279,"regulation of release of sequestered calcium ion into cytosol",0.313%,null,null,1.826,-2.1918,0.676,0.956,51282,1
GO:1904646,"cellular response to beta-amyloid",0.009%, 3.951, 6.253,0.477,-3.0370,0.871,0.440,1904646,0
GO:1903169,"regulation of calcium ion transmembrane transport",0.565%,-4.622, 5.115,2.079,-3.1902,0.770,0.445,1903169,0
GO:0031998,"regulation of fatty acid beta-oxidation",0.076%,-1.398,-6.544,1.230,-2.4253,0.757,0.452,31998,0
GO:0032000,"positive regulation of fatty acid beta-oxidation",0.038%,null,null,0.954,-2.6581,0.727,0.888,31998,1
GO:0050996,"positive regulation of lipid catabolic process",0.123%,null,null,1.431,-2.0113,0.732,0.852,31998,1
GO:0046321,"positive regulation of fatty acid oxidation",0.062%,null,null,1.146,-2.3604,0.728,0.918,31998,1
GO:0015908,"fatty acid transport",0.347%,-4.426, 5.313,1.869,-2.1919,0.840,0.455,15908,0
GO:0099622,"cardiac muscle cell membrane repolarization",0.119%,-2.785, 6.483,1.415,-2.3604,0.797,0.497,99622,0
GO:0086013,"membrane repolarization during cardiac muscle cell action potential",0.066%,null,null,1.176,-2.1428,0.802,0.936,99622,1
GO:0099625,"ventricular cardiac muscle cell membrane repolarization",0.085%,null,null,1.279,-2.5730,0.799,0.918,99622,1
GO:0038179,"neurotrophin signaling pathway",0.176%, 5.439, 3.611,1.580,-3.3658,0.770,0.498,38179,0
GO:1903532,"positive regulation of secretion by cell",1.591%,-4.824, 3.560,2.526,-2.1254,0.704,0.506,1903532,0
GO:0060193,"positive regulation of lipase activity",0.233%,-3.679,-5.221,1.699,-2.4253,0.853,0.524,60193,0
GO:0018108,"peptidyl-tyrosine phosphorylation",1.619%, 1.766,-6.589,2.534,-4.4646,0.760,0.526,18108,0
GO:0046777,"protein autophosphorylation",1.097%, 1.569,-6.552,2.365,-2.7094,0.775,0.530,46777,0
GO:0048585,"negative regulation of response to stimulus",6.377%, 5.967,-1.894,3.128,-3.4009,0.727,0.542,48585,0
GO:0090630,"activation of GTPase activity",0.342%,-3.031,-4.645,1.863,-2.4214,0.849,0.545,90630,0
GO:0046496,"nicotinamide nucleotide metabolic process",0.608%, 0.124,-6.659,2.111,-2.2872,0.745,0.562,46496,0
GO:0006796,"phosphate-containing compound metabolic process",13.695%, 1.027,-6.639,3.460,-2.6157,0.758,0.580,6796,0
GO:0090224,"regulation of spindle organization",0.119%,-5.479,-2.891,1.415,-2.0113,0.817,0.590,90224,0
GO:0023057,"negative regulation of signaling",5.508%, 6.382,-1.453,3.065,-3.3579,0.732,0.594,23057,0
GO:0010648,"negative regulation of cell communication",5.489%, 6.418,-1.195,3.063,-3.4742,0.722,0.597,10648,0
GO:0050930,"induction of positive chemotaxis",0.076%, 1.723, 4.679,1.230,-2.4253,0.720,0.598,50930,0
GO:0050927,"positive regulation of positive chemotaxis",0.123%,null,null,1.431,-2.0965,0.710,0.958,50930,1
GO:1901653,"cellular response to peptide",1.263%, 4.460, 4.959,2.427,-2.3916,0.827,0.609,1901653,0
GO:0007169,"transmembrane receptor protein tyrosine kinase signaling pathway",2.616%, 6.520, 1.868,2.742,-2.0692,0.768,0.613,7169,0
GO:2000403,"positive regulation of lymphocyte migration",0.138%,-5.099, 3.046,1.477,-2.0528,0.723,0.652,2000403,0
GO:0043523,"regulation of neuron apoptotic process",0.988%, 1.320,-2.237,2.320,-3.2277,0.777,0.654,43523,0
GO:1901215,"negative regulation of neuron death",0.902%,null,null,2.281,-2.4391,0.745,0.916,43523,1
GO:0043524,"negative regulation of neuron apoptotic process",0.703%,null,null,2.173,-2.8486,0.749,0.928,43523,1
GO:0010889,"regulation of sequestering of triglyceride",0.057%,-3.612, 5.491,1.114,-2.3002,0.793,0.660,10889,0
GO:0009792,"embryo development ending in birth or egg hatching",3.414%,-2.027, 0.612,2.857,-2.0528,0.904,0.667,9792,0
GO:0018212,"peptidyl-tyrosine modification",1.629%, 3.487,-6.502,2.537,-3.1660,0.851,0.675,18212,0
GO:0071363,"cellular response to growth factor stimulus",2.702%, 4.857, 4.680,2.756,-2.4153,0.819,0.697,71363,0
GO:0043408,"regulation of MAPK cascade",3.011%, 3.618,-3.158,2.803,-3.1001,0.546,0.698,43408,0
GO:0070372,"regulation of ERK1 and ERK2 cascade",1.178%,null,null,2.396,-2.6274,0.580,0.829,43408,1
GO:0043410,"positive regulation of MAPK cascade",2.061%,null,null,2.638,-2.2642,0.521,0.892,43408,1
GO:0070374,"positive regulation of ERK1 and ERK2 cascade",0.836%,null,null,2.248,-2.4214,0.554,0.940,43408,1
GO:0009966,"regulation of signal transduction",11.729%, 5.647, 0.798,3.393,-2.7660,0.687,0.698,9966,0
