term_ID,description,frequency,plot_X,plot_Y,plot_size,log10 p-value,uniqueness,dispensability,representative,eliminated
GO:0007507,"heart development",2.692%,-3.401,-6.826,2.754,-5.1631,0.838,0.000,7507,0
GO:0046777,"protein autophosphorylation",1.097%, 6.366,-1.081,2.365,-5.2094,0.729,0.000,46777,0
GO:0007265,"Ras protein signal transduction",1.425%, 1.359, 6.311,2.479,-3.7645,0.818,0.036,7265,0
GO:0051056,"regulation of small GTPase mediated signal transduction",1.064%,null,null,2.352,-3.0651,0.815,0.871,7265,1
GO:0098901,"regulation of cardiac muscle cell action potential",0.119%,-0.724,-0.617,1.415,-2.3037,0.907,0.050,98901,0
GO:0086001,"cardiac muscle cell action potential",0.242%,null,null,1.716,-2.0133,0.911,0.804,98901,1
GO:0043087,"regulation of GTPase activity",2.626%, 1.220, 1.487,2.744,-2.6601,0.883,0.060,43087,0
GO:0051893,"regulation of focal adhesion assembly",0.218%,-5.052, 0.284,1.672,-3.7591,0.792,0.060,51893,0
GO:0001952,"regulation of cell-matrix adhesion",0.442%,null,null,1.973,-2.1364,0.902,0.823,51893,1
GO:1903391,"regulation of adherens junction organization",0.233%,null,null,1.699,-2.7479,0.815,0.899,51893,1
GO:0090109,"regulation of cell-substrate junction assembly",0.218%,null,null,1.672,-3.0271,0.807,0.931,51893,1
GO:0007346,"regulation of mitotic cell cycle",2.023%, 1.854, 4.844,2.630,-2.4282,0.849,0.078,7346,0
GO:0009411,"response to UV",0.632%,-1.188, 3.064,2.127,-2.0801,0.954,0.106,9411,0
GO:0035924,"cellular response to vascular endothelial growth factor stimulus",0.176%,-2.029, 4.994,1.580,-2.2408,0.921,0.127,35924,0
GO:0030575,"nuclear body organization",0.047%,-5.996, 2.193,1.041,-3.1026,0.912,0.137,30575,0
GO:0010594,"regulation of endothelial cell migration",0.546%,-3.471,-4.019,2.064,-4.8759,0.733,0.207,10594,0
GO:0030334,"regulation of cell migration",3.205%,null,null,2.830,-2.2741,0.753,0.756,10594,1
GO:0030335,"positive regulation of cell migration",1.866%,null,null,2.595,-2.0165,0.713,0.881,10594,1
GO:0010634,"positive regulation of epithelial cell migration",0.522%,null,null,2.045,-3.9886,0.695,0.906,10594,1
GO:0010595,"positive regulation of endothelial cell migration",0.323%,null,null,1.839,-3.5944,0.704,0.892,10594,1
GO:0043536,"positive regulation of blood vessel endothelial cell migration",0.133%,null,null,1.462,-2.4369,0.721,0.887,10594,1
GO:0043535,"regulation of blood vessel endothelial cell migration",0.261%,null,null,1.748,-2.2170,0.745,0.875,10594,1
GO:0001885,"endothelial cell development",0.285%,-3.742,-6.100,1.785,-2.6646,0.848,0.213,1885,0
GO:0061028,"establishment of endothelial barrier",0.190%,null,null,1.613,-2.5100,0.852,0.875,1885,1
GO:0043653,"mitochondrial fragmentation involved in apoptotic process",0.043%,-5.012, 2.045,1.000,-2.8230,0.877,0.215,43653,0
GO:0007169,"transmembrane receptor protein tyrosine kinase signaling pathway",2.616%,-0.584, 5.947,2.742,-3.6805,0.808,0.218,7169,0
GO:0051128,"regulation of cellular component organization",10.722%,-5.281,-0.028,3.354,-5.5273,0.806,0.227,51128,0
GO:0017148,"negative regulation of translation",0.660%, 5.210,-1.989,2.146,-2.8551,0.660,0.250,17148,0
GO:0006417,"regulation of translation",1.496%,null,null,2.500,-2.1572,0.649,0.886,17148,1
GO:0034249,"negative regulation of cellular amide metabolic process",0.712%,null,null,2.179,-2.3198,0.744,0.814,17148,1
GO:0006396,"RNA processing",3.671%, 4.895,-4.039,2.889,-2.2004,0.781,0.265,6396,0
GO:0042787,"protein ubiquitination involved in ubiquitin-dependent protein catabolic process",0.655%, 6.568,-2.615,2.143,-4.1917,0.673,0.311,42787,0
GO:0016567,"protein ubiquitination",3.528%,null,null,2.872,-3.6602,0.692,0.756,42787,1
GO:0043161,"proteasome-mediated ubiquitin-dependent protein catabolic process",1.586%,null,null,2.525,-3.7049,0.703,0.792,42787,1
GO:0032434,"regulation of proteasomal ubiquitin-dependent protein catabolic process",0.527%,null,null,2.049,-2.3723,0.648,0.846,42787,1
GO:0000209,"protein polyubiquitination",0.840%,null,null,2.250,-3.1638,0.732,0.779,42787,1
GO:0032446,"protein modification by small protein conjugation",3.732%,null,null,2.896,-3.3289,0.692,0.908,42787,1
GO:0006511,"ubiquitin-dependent protein catabolic process",2.417%,null,null,2.708,-2.4641,0.691,0.920,42787,1
GO:0010498,"proteasomal protein catabolic process",1.757%,null,null,2.569,-2.7035,0.703,0.842,42787,1
GO:1901381,"positive regulation of potassium ion transmembrane transport",0.119%, 0.490,-5.417,1.415,-3.0271,0.796,0.321,1901381,0
GO:1901016,"regulation of potassium ion transmembrane transporter activity",0.199%,null,null,1.633,-2.2408,0.806,0.900,1901381,1
GO:0006661,"phosphatidylinositol biosynthetic process",0.294%, 5.674, 1.979,1.799,-2.5234,0.791,0.332,6661,0
GO:0051291,"protein heterooligomerization",0.442%,-5.451, 1.110,1.973,-2.8379,0.888,0.334,51291,0
GO:0018212,"peptidyl-tyrosine modification",1.629%, 7.127,-2.283,2.537,-3.3478,0.750,0.344,18212,0
GO:0007010,"cytoskeleton organization",5.546%,-6.020, 0.640,3.068,-2.5950,0.873,0.369,7010,0
GO:0072359,"circulatory system development",4.744%,-4.582,-6.007,3.000,-4.6619,0.863,0.370,72359,0
GO:0045637,"regulation of myeloid cell differentiation",0.878%,-4.113,-5.853,2.270,-3.8417,0.761,0.371,45637,0
GO:0048675,"axon extension",0.484%,-5.071,-3.802,2.013,-2.5854,0.774,0.376,48675,0
GO:0048841,"regulation of axon extension involved in axon guidance",0.076%,null,null,1.230,-2.3694,0.656,0.795,48675,1
GO:1990138,"neuron projection extension",0.670%,null,null,2.152,-2.0669,0.769,0.907,48675,1
GO:0006470,"protein dephosphorylation",1.163%, 6.385,-1.403,2.391,-3.0641,0.745,0.383,6470,0
GO:0045893,"positive regulation of transcription, DNA-templated",6.515%, 3.977,-4.711,3.138,-5.0429,0.618,0.425,45893,0
GO:1903508,"positive regulation of nucleic acid-templated transcription",6.515%,null,null,3.138,-3.1504,0.619,0.933,45893,1
GO:0045944,"positive regulation of transcription from RNA polymerase II promoter",5.162%,null,null,3.037,-3.9685,0.622,0.897,45893,1
GO:0006915,"apoptotic process",8.120%,-2.469, 1.542,3.233,-2.1569,0.891,0.446,6915,0
GO:1901725,"regulation of histone deacetylase activity",0.028%, 2.411,-1.662,0.845,-2.2750,0.691,0.452,1901725,0
GO:0002011,"morphogenesis of an epithelial sheet",0.275%,-3.592,-6.256,1.771,-2.5895,0.876,0.471,2011,0
GO:0090141,"positive regulation of mitochondrial fission",0.071%,-2.483,-4.260,1.204,-2.3003,0.733,0.477,90141,0
GO:0007264,"small GTPase mediated signal transduction",2.009%, 1.081, 6.325,2.627,-2.9640,0.825,0.485,7264,0
GO:0060213,"positive regulation of nuclear-transcribed mRNA poly(A) tail shortening",0.057%, 3.235,-6.374,1.114,-2.5895,0.672,0.500,60213,0
GO:0000289,"nuclear-transcribed mRNA poly(A) tail shortening",0.100%,null,null,1.342,-2.0133,0.757,0.850,60213,1
GO:0060211,"regulation of nuclear-transcribed mRNA poly(A) tail shortening",0.057%,null,null,1.114,-2.5895,0.710,0.953,60213,1
GO:1900153,"positive regulation of nuclear-transcribed mRNA catabolic process, deadenylation-dependent decay",0.081%,null,null,1.255,-2.1376,0.664,0.975,60213,1
GO:1900151,"regulation of nuclear-transcribed mRNA catabolic process, deadenylation-dependent decay",0.081%,null,null,1.255,-2.3003,0.706,0.888,60213,1
GO:0022603,"regulation of anatomical structure morphogenesis",4.198%,-3.819,-6.641,2.947,-2.0962,0.793,0.500,22603,0
GO:0006464,"cellular protein modification process",16.800%, 6.158,-2.740,3.549,-3.5815,0.683,0.503,6464,0
GO:0016310,"phosphorylation",9.815%, 6.233, 1.365,3.316,-5.6828,0.778,0.507,16310,0
GO:0070372,"regulation of ERK1 and ERK2 cascade",1.178%, 5.064, 0.246,2.396,-2.5121,0.587,0.511,70372,0
GO:0046328,"regulation of JNK cascade",0.769%,null,null,2.212,-2.3103,0.597,0.730,70372,1
GO:0070374,"positive regulation of ERK1 and ERK2 cascade",0.836%,null,null,2.248,-2.0504,0.563,0.940,70372,1
GO:0051493,"regulation of cytoskeleton organization",2.047%,-6.072, 0.578,2.635,-2.1633,0.796,0.519,51493,0
GO:1902285,"semaphorin-plexin signaling pathway involved in neuron projection guidance",0.028%,-4.554,-2.062,0.845,-2.3900,0.730,0.522,1902285,0
GO:0038089,"positive regulation of cell migration by vascular endothelial growth factor signaling pathway",0.033%,-1.142, 3.663,0.903,-2.1489,0.736,0.530,38089,0
GO:0086004,"regulation of cardiac muscle cell contraction",0.147%,-3.401,-3.324,1.505,-2.8768,0.761,0.542,86004,0
GO:0032970,"regulation of actin filament-based process",1.558%,null,null,2.517,-2.2794,0.849,0.795,86004,1
GO:0032956,"regulation of actin cytoskeleton organization",1.396%,null,null,2.470,-2.8263,0.769,0.759,86004,1
GO:0030162,"regulation of proteolysis",3.324%, 6.271,-3.609,2.846,-2.2425,0.660,0.555,30162,0
GO:0070534,"protein K63-linked ubiquitination",0.209%, 6.933,-0.824,1.653,-3.5314,0.763,0.576,70534,0
GO:0016579,"protein deubiquitination",0.537%, 7.291,-1.457,2.057,-2.0305,0.726,0.587,16579,0
GO:0006366,"transcription from RNA polymerase II promoter",8.913%, 5.547,-4.270,3.274,-4.6520,0.742,0.591,6366,0
GO:0006355,"regulation of transcription, DNA-templated",15.922%,null,null,3.526,-3.3266,0.641,0.715,6366,1
GO:1903322,"positive regulation of protein modification by small protein conjugation or removal",0.608%, 5.021,-4.363,2.111,-2.1708,0.615,0.595,1903322,0
GO:0031396,"regulation of protein ubiquitination",0.916%,null,null,2.288,-2.0005,0.641,0.924,1903322,1
GO:0070646,"protein modification by small protein removal",0.636%, 7.274,-1.779,2.130,-2.2654,0.722,0.597,70646,0
GO:0000122,"negative regulation of transcription from RNA polymerase II promoter",3.666%, 4.540,-1.555,2.888,-2.8164,0.684,0.619,122,0
GO:0006357,"regulation of transcription from RNA polymerase II promoter",8.633%,null,null,3.260,-6.8685,0.662,0.765,122,1
GO:0045892,"negative regulation of transcription, DNA-templated",5.532%,null,null,3.067,-2.5299,0.664,0.872,122,1
GO:0003281,"ventricular septum development",0.351%,-2.973,-7.389,1.875,-2.0669,0.862,0.627,3281,0
GO:1902306,"negative regulation of sodium ion transmembrane transport",0.062%, 0.735, 2.604,1.146,-2.7014,0.849,0.629,1902306,0
GO:0006397,"mRNA processing",1.985%, 4.164,-4.049,2.622,-2.2070,0.756,0.633,6397,0
GO:0000245,"spliceosomal complex assembly",0.209%,null,null,1.653,-2.0398,0.741,0.714,6397,1
GO:0051336,"regulation of hydrolase activity",5.883%, 1.263, 1.718,3.093,-2.1574,0.877,0.634,51336,0
GO:0048010,"vascular endothelial growth factor receptor signaling pathway",0.228%,-1.265, 6.191,1.690,-3.0285,0.837,0.634,48010,0
GO:0031401,"positive regulation of protein modification process",4.939%, 4.677,-3.775,3.017,-2.1058,0.573,0.643,31401,0
GO:0022604,"regulation of cell morphogenesis",1.990%,-4.994,-3.406,2.623,-2.0669,0.702,0.645,22604,0
GO:0032486,"Rap protein signal transduction",0.052%, 2.080, 6.297,1.079,-2.7014,0.858,0.649,32486,0
GO:0018105,"peptidyl-serine phosphorylation",1.439%, 6.696,-1.886,2.483,-2.5131,0.715,0.665,18105,0
GO:0006461,"protein complex assembly",5.266%,-5.414, 0.640,3.045,-2.2793,0.864,0.666,6461,0
GO:0000077,"DNA damage checkpoint",0.503%, 3.467, 5.304,2.029,-2.1765,0.836,0.667,77,0
GO:0007095,"mitotic G2 DNA damage checkpoint",0.090%,null,null,1.301,-2.0635,0.842,0.845,77,1
GO:1904018,"positive regulation of vasculature development",0.627%,-1.610,-6.458,2.124,-3.7911,0.725,0.669,1904018,0
GO:0045766,"positive regulation of angiogenesis",0.556%,null,null,2.072,-2.8308,0.713,0.867,1904018,1
GO:0045765,"regulation of angiogenesis",1.002%,null,null,2.326,-2.5331,0.742,0.920,1904018,1
GO:0010628,"positive regulation of gene expression",8.077%, 3.808,-5.341,3.231,-3.2064,0.658,0.670,10628,0
GO:0042327,"positive regulation of phosphorylation",4.221%, 3.684,-5.080,2.949,-2.2497,0.630,0.674,42327,0
GO:0001932,"regulation of protein phosphorylation",5.997%,null,null,3.102,-2.5809,0.580,0.857,42327,1
GO:0032147,"activation of protein kinase activity",1.116%,null,null,2.373,-2.1225,0.589,0.756,42327,1
GO:0006468,"protein phosphorylation",8.267%,null,null,3.241,-8.4330,0.667,0.740,42327,1
GO:0018108,"peptidyl-tyrosine phosphorylation",1.619%, 6.626,-2.011,2.534,-2.1888,0.712,0.675,18108,0
GO:0045652,"regulation of megakaryocyte differentiation",0.076%,-4.277,-6.196,1.230,-2.2588,0.802,0.677,45652,0
GO:0007173,"epidermal growth factor receptor signaling pathway",0.437%,-0.913, 5.985,1.968,-3.0432,0.825,0.680,7173,0
GO:0038128,"ERBB2 signaling pathway",0.014%,null,null,0.602,-2.1296,0.860,0.742,7173,1
GO:0038127,"ERBB signaling pathway",0.484%,-1.018, 6.123,2.013,-3.1580,0.828,0.688,38127,0
GO:2001214,"positive regulation of vasculogenesis",0.043%,-1.839,-6.546,1.000,-2.0363,0.743,0.694,2001214,0
