term_ID,description,frequency,plot_X,plot_Y,plot_size,log10 p-value,uniqueness,dispensability,representative,eliminated
GO:0001843,"neural tube closure",0.503%,-5.331, 4.005,2.029,-5.0463,0.637,0.000,1843,0
GO:0060606,"tube closure",0.508%,null,null,2.033,-4.1790,0.684,0.910,1843,1
GO:0014020,"primary neural tube formation",0.537%,null,null,2.057,-4.2416,0.636,0.967,1843,1
GO:0072175,"epithelial tube formation",0.708%,null,null,2.176,-2.2851,0.647,0.940,1843,1
GO:0042355,"L-fucose catabolic process",0.023%, 1.479,-5.712,0.699,-2.0325,0.796,0.021,42355,0
GO:0019317,"fucose catabolic process",0.023%,null,null,0.699,-2.0325,0.796,0.972,42355,1
GO:0042354,"L-fucose metabolic process",0.023%,null,null,0.699,-2.0325,0.827,0.972,42355,1
GO:0030334,"regulation of cell migration",3.205%, 4.768, 3.843,2.830,-3.6175,0.752,0.032,30334,0
GO:2000146,"negative regulation of cell motility",1.064%,null,null,2.352,-2.0413,0.743,0.819,30334,1
GO:0086012,"membrane depolarization during cardiac muscle cell action potential",0.081%, 3.760,-0.605,1.255,-2.6760,0.859,0.045,86012,0
GO:0086001,"cardiac muscle cell action potential",0.242%,null,null,1.716,-2.1101,0.859,0.780,86012,1
GO:0086015,"SA node cell action potential",0.043%,null,null,1.000,-2.1917,0.715,0.808,86012,1
GO:0007221,"positive regulation of transcription of Notch receptor target",0.028%,-3.786,-4.203,0.845,-2.6760,0.828,0.054,7221,0
GO:0046686,"response to cadmium ion",0.242%, 1.532,-2.618,1.716,-2.0389,0.928,0.069,46686,0
GO:0030041,"actin filament polymerization",0.746%, 5.503,-2.477,2.199,-2.6162,0.864,0.094,30041,0
GO:0009968,"negative regulation of signal transduction",4.967%,-5.870,-2.972,3.020,-2.4346,0.789,0.154,9968,0
GO:0019934,"cGMP-mediated signaling",0.057%,-1.361,-3.109,1.114,-2.1081,0.880,0.164,19934,0
GO:0043252,"sodium-independent organic anion transport",0.076%, 2.901, 6.228,1.230,-2.7534,0.819,0.181,43252,0
GO:0030198,"extracellular matrix organization",1.030%, 6.244,-1.041,2.338,-2.5275,0.857,0.200,30198,0
GO:0071711,"basement membrane organization",0.095%,null,null,1.322,-2.1081,0.868,0.784,30198,1
GO:0055123,"digestive system development",0.689%,-3.585, 5.093,2.164,-2.4045,0.793,0.240,55123,0
GO:0006897,"endocytosis",3.186%, 4.502, 4.688,2.827,-2.1537,0.836,0.280,6897,0
GO:0031401,"positive regulation of protein modification process",4.939%,-3.092,-4.871,3.017,-2.2640,0.817,0.315,31401,0
GO:0060977,"coronary vasculature morphogenesis",0.133%,-5.222, 5.593,1.462,-2.1081,0.777,0.320,60977,0
GO:0007399,"nervous system development",10.304%,-4.414, 4.232,3.337,-2.2472,0.746,0.340,7399,0
GO:0048713,"regulation of oligodendrocyte differentiation",0.142%,-6.100, 3.054,1.491,-3.0319,0.727,0.344,48713,0
GO:0015695,"organic cation transport",0.090%, 3.009, 6.681,1.301,-2.3120,0.823,0.347,15695,0
GO:0010718,"positive regulation of epithelial to mesenchymal transition",0.176%,-5.207, 2.337,1.580,-2.6417,0.689,0.386,10718,0
GO:0051241,"negative regulation of multicellular organismal process",4.967%,-5.885, 1.005,3.020,-2.2209,0.708,0.396,51241,0
GO:0090596,"sensory organ morphogenesis",1.368%,-5.174, 4.560,2.461,-2.1917,0.732,0.398,90596,0
GO:0009214,"cyclic nucleotide catabolic process",0.081%, 0.755,-5.831,1.255,-2.0325,0.818,0.423,9214,0
GO:0071702,"organic substance transport",11.539%, 4.091, 4.866,3.386,-2.2250,0.820,0.445,71702,0
GO:0006820,"anion transport",2.427%, 3.756, 5.574,2.709,-2.1637,0.781,0.459,6820,0
GO:0006812,"cation transport",5.014%,null,null,3.024,-2.3906,0.769,0.735,6820,1
GO:0042176,"regulation of protein catabolic process",1.529%,-0.568,-5.839,2.509,-2.1487,0.800,0.526,42176,0
GO:0009896,"positive regulation of catabolic process",1.239%,null,null,2.418,-2.0216,0.783,0.874,42176,1
GO:2000095,"regulation of Wnt signaling pathway, planar cell polarity pathway",0.066%,-5.464, 1.505,1.176,-2.1917,0.615,0.568,2000095,0
GO:2000052,"positive regulation of non-canonical Wnt signaling pathway",0.062%,null,null,1.146,-2.1081,0.784,0.921,2000095,1
GO:0070509,"calcium ion import",0.750%, 3.584, 6.047,2.201,-2.1476,0.797,0.572,70509,0
GO:0051962,"positive regulation of nervous system development",2.222%,-4.944, 2.571,2.671,-2.2681,0.656,0.609,51962,0
GO:0090288,"negative regulation of cellular response to growth factor stimulus",0.584%,-6.305,-2.889,2.093,-2.1890,0.836,0.633,90288,0
GO:0048565,"digestive tract development",0.622%,-4.170, 5.746,2.121,-2.5382,0.728,0.643,48565,0
GO:0015711,"organic anion transport",1.776%, 3.414, 5.663,2.574,-2.2367,0.778,0.647,15711,0
GO:0051639,"actin filament network formation",0.052%, 5.246,-2.874,1.079,-2.1081,0.876,0.649,51639,0
GO:1905330,"regulation of morphogenesis of an epithelium",0.518%,-5.894, 4.440,2.041,-2.0325,0.690,0.679,1905330,0
