term_ID,description,frequency,plot_X,plot_Y,plot_size,log10 p-value,uniqueness,dispensability,representative,eliminated
GO:0007169,"transmembrane receptor protein tyrosine kinase signaling pathway",2.616%, 4.097, 5.191,2.742,-4.7986,0.716,0.000,7169,0
GO:0071560,"cellular response to transforming growth factor beta stimulus",0.926%,null,null,2.292,-3.1195,0.813,0.963,7169,1
GO:0030511,"positive regulation of transforming growth factor beta receptor signaling pathway",0.119%,null,null,1.415,-2.0021,0.681,0.795,7169,1
GO:0071363,"cellular response to growth factor stimulus",2.702%,null,null,2.756,-2.0510,0.812,0.813,7169,1
GO:1903846,"positive regulation of cellular response to transforming growth factor beta stimulus",0.119%,null,null,1.415,-2.0021,0.753,0.800,7169,1
GO:0007179,"transforming growth factor beta receptor signaling pathway",0.722%,null,null,2.185,-2.9517,0.696,0.720,7169,1
GO:0007178,"transmembrane receptor protein serine/threonine kinase signaling pathway",1.501%,null,null,2.501,-2.7382,0.731,0.787,7169,1
GO:0008105,"asymmetric protein localization",0.071%, 1.067,-2.127,1.204,-3.0380,0.946,0.000,8105,0
GO:0042787,"protein ubiquitination involved in ubiquitin-dependent protein catabolic process",0.655%,-6.717, 1.039,2.143,-3.7842,0.726,0.016,42787,0
GO:0043161,"proteasome-mediated ubiquitin-dependent protein catabolic process",1.586%,null,null,2.525,-2.3253,0.755,0.920,42787,1
GO:0006511,"ubiquitin-dependent protein catabolic process",2.417%,null,null,2.708,-3.0701,0.748,0.827,42787,1
GO:0090162,"establishment of epithelial cell polarity",0.123%, 0.255, 0.946,1.431,-2.8449,0.928,0.027,90162,0
GO:0043087,"regulation of GTPase activity",2.626%,-1.206,-0.270,2.744,-3.2961,0.863,0.065,43087,0
GO:0051345,"positive regulation of hydrolase activity",3.690%,null,null,2.891,-2.1078,0.856,0.768,43087,1
GO:0051346,"negative regulation of hydrolase activity",2.056%,null,null,2.637,-2.3971,0.864,0.709,43087,1
GO:0016241,"regulation of macroautophagy",0.437%, 0.261,-0.021,1.968,-3.0839,0.884,0.069,16241,0
GO:0010506,"regulation of autophagy",1.002%,null,null,2.326,-2.5672,0.877,0.810,16241,1
GO:1902115,"regulation of organelle assembly",0.731%, 0.299,-6.779,2.190,-3.7378,0.795,0.073,1902115,0
GO:0032886,"regulation of microtubule-based process",0.784%,-1.256, 1.889,2.220,-2.9900,0.882,0.074,32886,0
GO:0022603,"regulation of anatomical structure morphogenesis",4.198%, 4.534,-4.188,2.947,-3.8217,0.840,0.081,22603,0
GO:0007346,"regulation of mitotic cell cycle",2.023%,-2.490,-2.899,2.630,-2.6344,0.853,0.090,7346,0
GO:0030166,"proteoglycan biosynthetic process",0.223%,-4.459, 0.136,1.681,-2.3967,0.879,0.110,30166,0
GO:0051053,"negative regulation of DNA metabolic process",0.570%,-4.408, 4.783,2.083,-2.6559,0.775,0.120,51053,0
GO:1904356,"regulation of telomere maintenance via telomere lengthening",0.256%,null,null,1.740,-2.1396,0.736,0.713,51053,1
GO:0032869,"cellular response to insulin stimulus",0.831%, 0.071, 6.131,2.246,-4.3269,0.827,0.160,32869,0
GO:0008286,"insulin receptor signaling pathway",0.503%,null,null,2.029,-3.3289,0.714,0.889,32869,1
GO:0010632,"regulation of epithelial cell migration",0.840%, 4.291,-2.491,2.250,-3.0289,0.797,0.160,10632,0
GO:0030335,"positive regulation of cell migration",1.866%,null,null,2.595,-2.5665,0.779,0.760,10632,1
GO:0030336,"negative regulation of cell migration",1.007%,null,null,2.328,-2.4835,0.801,0.776,10632,1
GO:0034976,"response to endoplasmic reticulum stress",1.016%, 0.789, 6.409,2.332,-2.4531,0.853,0.164,34976,0
GO:0031669,"cellular response to nutrient levels",0.888%, 2.049, 5.005,2.274,-2.7407,0.870,0.186,31669,0
GO:0051056,"regulation of small GTPase mediated signal transduction",1.064%, 3.907, 6.045,2.352,-4.7701,0.748,0.210,51056,0
GO:0046578,"regulation of Ras protein signal transduction",0.959%,null,null,2.307,-2.0031,0.750,0.833,51056,1
GO:0045332,"phospholipid translocation",0.109%, 0.541,-5.241,1.380,-2.6050,0.818,0.256,45332,0
GO:0015914,"phospholipid transport",0.252%,null,null,1.732,-2.0283,0.905,0.877,45332,1
GO:0034204,"lipid translocation",0.114%,null,null,1.398,-2.5324,0.822,0.924,45332,1
GO:0090311,"regulation of protein deacetylation",0.195%,-6.841, 3.156,1.623,-2.0966,0.756,0.263,90311,0
GO:0051128,"regulation of cellular component organization",10.722%,-0.837,-5.964,3.354,-3.2898,0.793,0.265,51128,0
GO:0006470,"protein dephosphorylation",1.163%,-6.948, 1.343,2.391,-3.7674,0.764,0.313,6470,0
GO:0010923,"negative regulation of phosphatase activity",0.366%,null,null,1.892,-2.1954,0.736,0.769,6470,1
GO:0035412,"regulation of catenin import into nucleus",0.123%, 2.046,-2.264,1.431,-2.0021,0.872,0.334,35412,0
GO:0070830,"bicellular tight junction assembly",0.190%,-0.537,-6.102,1.613,-2.1572,0.866,0.345,70830,0
GO:0035329,"hippo signaling",0.128%, 2.295, 6.279,1.447,-3.4435,0.819,0.353,35329,0
GO:0016570,"histone modification",2.127%,-5.182,-2.314,2.652,-2.6928,0.693,0.357,16570,0
GO:0016574,"histone ubiquitination",0.204%,null,null,1.643,-2.6050,0.715,0.708,16570,1
GO:0016573,"histone acetylation",0.693%,null,null,2.167,-2.0967,0.706,0.914,16570,1
GO:0043968,"histone H2A acetylation",0.076%,null,null,1.230,-2.2145,0.753,0.764,16570,1
GO:0043967,"histone H4 acetylation",0.323%,null,null,1.839,-2.4658,0.724,0.741,16570,1
GO:0006357,"regulation of transcription from RNA polymerase II promoter",8.633%,-5.298, 2.740,3.260,-5.8201,0.726,0.366,6357,0
GO:0045893,"positive regulation of transcription, DNA-templated",6.515%,null,null,3.138,-5.0470,0.703,0.897,6357,1
GO:0045944,"positive regulation of transcription from RNA polymerase II promoter",5.162%,null,null,3.037,-5.7381,0.707,0.814,6357,1
GO:0035331,"negative regulation of hippo signaling",0.024%, 1.969, 5.937,0.778,-2.0966,0.800,0.379,35331,0
GO:0045623,"negative regulation of T-helper cell differentiation",0.076%, 5.446,-0.412,1.230,-2.0966,0.776,0.382,45623,0
GO:0045747,"positive regulation of Notch signaling pathway",0.171%, 5.004, 3.865,1.568,-3.2332,0.743,0.382,45747,0
GO:0046777,"protein autophosphorylation",1.097%,-6.715, 1.487,2.365,-2.7984,0.763,0.383,46777,0
GO:1904263,"positive regulation of TORC1 signaling",0.028%, 5.126, 3.309,0.845,-2.0966,0.791,0.384,1904263,0
GO:0030278,"regulation of ossification",0.950%, 4.049,-2.969,2.303,-2.2815,0.874,0.389,30278,0
GO:0016311,"dephosphorylation",1.933%,-4.360, 2.040,2.611,-3.3099,0.846,0.409,16311,0
GO:0007229,"integrin-mediated signaling pathway",0.399%, 4.721, 4.943,1.929,-2.0283,0.789,0.418,7229,0
GO:0007010,"cytoskeleton organization",5.546%,-0.612,-6.935,3.068,-4.2437,0.863,0.424,7010,0
GO:0001558,"regulation of cell growth",1.653%, 0.365,-7.100,2.543,-2.2517,0.801,0.442,1558,0
GO:0051291,"protein heterooligomerization",0.442%,-0.528,-6.466,1.973,-2.3776,0.861,0.442,51291,0
GO:0060627,"regulation of vesicle-mediated transport",2.113%, 2.316,-2.322,2.649,-2.0728,0.833,0.444,60627,0
GO:0010717,"regulation of epithelial to mesenchymal transition",0.351%, 5.077,-3.893,1.875,-3.2841,0.833,0.448,10717,0
GO:2001236,"regulation of extrinsic apoptotic signaling pathway",0.784%, 4.363, 5.135,2.220,-3.1044,0.708,0.451,2001236,0
GO:0097191,"extrinsic apoptotic signaling pathway",1.083%,null,null,2.360,-2.2295,0.745,0.743,2001236,1
GO:0097192,"extrinsic apoptotic signaling pathway in absence of ligand",0.366%,null,null,1.892,-2.0021,0.764,0.856,2001236,1
GO:0007185,"transmembrane receptor protein tyrosine phosphatase signaling pathway",0.005%, 4.519, 3.569,0.301,-3.3488,0.821,0.454,7185,0
GO:0045995,"regulation of embryonic development",0.594%, 4.670,-3.710,2.100,-2.1031,0.850,0.476,45995,0
GO:1901203,"positive regulation of extracellular matrix assembly",0.038%, 1.388,-6.500,0.954,-2.0966,0.815,0.494,1901203,0
GO:0046328,"regulation of JNK cascade",0.769%,-2.171, 4.794,2.212,-2.4642,0.571,0.519,46328,0
GO:0043507,"positive regulation of JUN kinase activity",0.313%,null,null,1.826,-2.3351,0.558,0.888,46328,1
GO:0032873,"negative regulation of stress-activated MAPK cascade",0.190%,null,null,1.613,-2.0509,0.602,0.830,46328,1
GO:1903689,"regulation of wound healing, spreading of epidermal cells",0.033%, 5.316,-0.805,0.903,-2.3365,0.755,0.521,1903689,0
GO:0044088,"regulation of vacuole organization",0.209%,-0.327,-7.006,1.653,-2.6810,0.829,0.522,44088,0
GO:0031098,"stress-activated protein kinase signaling cascade",1.102%, 2.605, 6.077,2.367,-2.1290,0.772,0.527,31098,0
GO:0018108,"peptidyl-tyrosine phosphorylation",1.619%,-7.112, 1.898,2.534,-2.3292,0.737,0.530,18108,0
GO:0031399,"regulation of protein modification process",7.498%,-6.203, 2.180,3.199,-2.0991,0.657,0.530,31399,0
GO:0022604,"regulation of cell morphogenesis",1.990%, 2.461,-5.637,2.623,-2.1572,0.750,0.558,22604,0
GO:0007167,"enzyme linked receptor protein signaling pathway",4.017%, 3.766, 5.376,2.928,-3.9439,0.740,0.558,7167,0
GO:0007183,"SMAD protein complex assembly",0.062%, 4.622, 1.186,1.146,-2.0966,0.716,0.559,7183,0
GO:0031329,"regulation of cellular catabolic process",1.534%,-4.081, 4.014,2.511,-2.1369,0.770,0.562,31329,0
GO:1901800,"positive regulation of proteasomal protein catabolic process",0.442%,null,null,1.973,-2.0339,0.685,0.923,31329,1
GO:0032434,"regulation of proteasomal ubiquitin-dependent protein catabolic process",0.527%,null,null,2.049,-2.0583,0.706,0.795,31329,1
GO:0016070,"RNA metabolic process",20.115%,-5.766, 2.437,3.627,-2.0947,0.801,0.573,16070,0
GO:0007064,"mitotic sister chromatid cohesion",0.109%,-2.240,-6.035,1.380,-2.2939,0.855,0.584,7064,0
GO:1902532,"negative regulation of intracellular signal transduction",2.279%, 2.712, 6.141,2.682,-4.0512,0.718,0.586,1902532,0
GO:0016579,"protein deubiquitination",0.537%,-7.408, 0.886,2.057,-2.2545,0.756,0.587,16579,0
GO:0006513,"protein monoubiquitination",0.280%,-6.997, 0.447,1.778,-2.3305,0.781,0.592,6513,0
GO:2001222,"regulation of neuron migration",0.157%, 4.682,-3.569,1.531,-2.0021,0.799,0.593,2001222,0
GO:0070646,"protein modification by small protein removal",0.636%,-7.319, 0.814,2.130,-2.1894,0.752,0.597,70646,0
GO:1902531,"regulation of intracellular signal transduction",7.204%, 3.287, 5.583,3.181,-3.6141,0.714,0.617,1902531,0
GO:0009967,"positive regulation of signal transduction",6.254%,null,null,3.120,-2.8756,0.698,0.700,1902531,1
GO:0006366,"transcription from RNA polymerase II promoter",8.913%,-5.524, 1.392,3.274,-2.6706,0.810,0.625,6366,0
GO:0006468,"protein phosphorylation",8.267%,-6.568, 1.863,3.241,-7.8505,0.709,0.633,6468,0
GO:0016310,"phosphorylation",9.815%,null,null,3.316,-5.3994,0.816,0.713,6468,1
GO:0051336,"regulation of hydrolase activity",5.883%,-1.315,-0.243,3.093,-2.2971,0.860,0.634,51336,0
GO:0048010,"vascular endothelial growth factor receptor signaling pathway",0.228%, 5.099, 5.372,1.690,-2.6438,0.765,0.634,48010,0
GO:0035196,"production of miRNAs involved in gene silencing by miRNA",0.142%,-4.375, 4.741,1.491,-2.1572,0.678,0.636,35196,0
GO:0000209,"protein polyubiquitination",0.840%,-7.106, 0.760,2.250,-3.1189,0.759,0.658,209,0
GO:0016567,"protein ubiquitination",3.528%,null,null,2.872,-2.6621,0.724,0.779,209,1
GO:0032446,"protein modification by small protein conjugation",3.732%,null,null,2.896,-2.7715,0.724,0.908,209,1
GO:0006461,"protein complex assembly",5.266%,-0.222,-6.425,3.045,-2.4893,0.829,0.666,6461,0
GO:0042981,"regulation of apoptotic process",6.482%, 1.445, 2.000,3.135,-2.7377,0.829,0.671,42981,0
GO:0018212,"peptidyl-tyrosine modification",1.629%,-7.372, 1.807,2.537,-2.2936,0.767,0.675,18212,0
GO:0010770,"positive regulation of cell morphogenesis involved in differentiation",0.627%, 2.890,-5.270,2.124,-2.0283,0.741,0.676,10770,0
GO:0007173,"epidermal growth factor receptor signaling pathway",0.437%, 4.409, 4.742,1.968,-5.1780,0.753,0.680,7173,0
GO:0038127,"ERBB signaling pathway",0.484%, 4.724, 5.431,2.013,-4.5117,0.751,0.688,38127,0
GO:0006464,"cellular protein modification process",16.800%,-6.663, 1.885,3.549,-4.2052,0.719,0.694,6464,0
GO:0051726,"regulation of cell cycle",4.093%,-2.706,-3.216,2.936,-2.0024,0.845,0.694,51726,0
GO:2000026,"regulation of multicellular organismal development",8.134%, 4.736,-3.931,3.234,-2.0566,0.813,0.696,2000026,0
